{"logitech_webcam":{"rot":[-0.036496251821517944,0.00013576979108620435,0.9717714190483093,-0.22434453666210175],"trans":[0.11563588678836823,0.8368937969207764,1.8308830261230469]}}